words,count
youtube,22
algorithm,20
videos,9
video,8
like,5
watch,3
comment,3
stream,3
shorts,3
views,3
recommending,3
users,3
one,3
theres,3
channel,3
go,2
regular,2
understand,2
recently,2
dont,2
need,2
stop,2
want,2
says,2
claim,2
hai,2
hold,2
nothing,2
back,2
show,2
secret,2
growth,2
teamyoutube,2
amp,2
people,2
post,2
may,2
short,2
get,2
kids,2
search,2
maybe,2
time,2
new,1
tiktok,1
help,1
gamers,1
gamer,1
difference,1
eyeballs,1
9995,1
000004,1
anyone,1
roughly,1
week,1
ago,1
250,1
mrbeast,1
teach,1
algorithmyoutube,1
videoviral,1
curtismahony,1
started,1
posting,1
random,1
camera,1
getting,1
almost,1
2k,1
view,1
underestimate,1
supposedly,1
powerful,1
good,1
keep,1
ive,1
already,1
watc,1
crying,1
loud,1
watched,1
pleaseif,1
jus,1
elon,1
musk,1
twitter,1
manipulating,1
issues,1
howto,1
fixing,1
feed,1
arre,1
dalta,1
ki,1
nahi,1
copyright,1
pehle,1
ajati,1
yeh,1
ka,1
